{
  "cfg_scales": [
    0.0,
    2.0,
    4.0
  ],
  "controllability_by_cfg": {
    "height": {
      "0.0": 132.14285714285714,
      "2.0": 223.66071428571428,
      "4.0": 239.73214285714283
    },
    "n_blocks": {
      "0.0": 243.22738749443045,
      "2.0": 568.5504232882815,
      "4.0": 603.0075746324075
    },
    "symmetry_iou": {
      "0.0": 148.79911485319516,
      "2.0": 189.7641407599309,
      "4.0": 241.5560233160622
    },
    "enclosed_ratio": {
      "0.0": 157.91666666666666,
      "2.0": 542.0833333333333,
      "4.0": 328.3333333333333
    },
    "elongation": {
      "0.0": 36.908655389834934,
      "2.0": 40.291420761456074,
      "4.0": 30.00588183479146
    },
    "floor_count": {
      "0.0": 87.50000000000001,
      "2.0": 167.10526315789477,
      "4.0": 196.7105263157895
    },
    "hollowness": {
      "0.0": 5.515708009534911,
      "2.0": 12.099282744171614,
      "4.0": 18.701029385041313
    },
    "surface_ratio": {
      "0.0": 13.299018834740787,
      "2.0": 14.77052776463505,
      "4.0": 14.149712532438663
    },
    "connected_components": {
      "0.0": 57.14285714285714,
      "2.0": 93.65079365079364,
      "4.0": 74.6031746031746
    },
    "layer_consistency": {
      "0.0": 23.773550408470236,
      "2.0": 30.64067083863139,
      "4.0": 37.68730210177268
    },
    "footprint_convexity": {
      "0.0": 25.589559706470975,
      "2.0": 45.31354236157439,
      "4.0": 51.91044029352903
    }
  },
  "stable": [
    "elongation",
    "hollowness",
    "surface_ratio",
    "connected_components"
  ],
  "amplified": [
    "height",
    "n_blocks",
    "symmetry_iou",
    "enclosed_ratio",
    "floor_count",
    "layer_consistency",
    "footprint_convexity"
  ]
}